Name;xCord;yCord
0,DEPA,-72.53126621,-13.99202976
1,APURIMAC,-73.68263125,-11.23852662
2,JUNIN,-73.73216629,-11.05266063
3,JUNIN,-75.69002867,-14.0320047
4,ICA,-75.76846719,-13.96906928
5,ICA,-71.41628373,-12.93040825
6,CUSCO,-80.25141478,-3.694722345
7,TUMBES,-76.6739434,-11.91991169
8,LIMA,-77.32246399,-6.472756346
9,SAN MARTIN,-79.67296422,-5.016080824
10,PIURA,-79.7604847,-5.944753271
